Tijdstempel;Hoe identificieer jij je?;Wat is jouw leeftijd? (geef je leeftijd in cijfers);Woon je in een stad of dorp?;Wat is jou religie of levensovertuiging?;Wat is jouw huidige opleiding?;Voor het grootste deel in de week ben ik:;Over welke thema’s maak jij je als jongere op dit moment zorgen?;Vink dat thema aan en vul daarnaast ook aan welke andere thema’s jij zorgen over hebt. (Meerdere antwoorden mogelijk);Ik spreek me graag uit over maatschappelijke thema's.;Ik voel mij betrokken bij wat de provincie doet.;Mijn familie is geïnteresseerd in de politiek;Mijn vrienden zijn niet geïnteresseerd in de politiek;Zou jij in de toekomst meedoen aan de Brabantse Jongerenmonitor?;Wat zou jou motiveren om mee te doen? (meerdere antwoorden mogelijk) ;In hoeverre ben je het eens met de volgende stellingen:  [In zou eerder meedoen als de jongerenmonitor wordt georganiseerd vanuit school];In hoeverre ben je het eens met de volgende stellingen:  [Ik zou eerder meedoen aan de Jongerenmonitor als ik alleen mijn mening hoeft te geven over de thema’s die ik belangrijk vindt.];In hoeverre ben je het eens met de volgende stellingen:  [Ik zou eerder meedoen als het onderzoek anoniem en veilig is. ];In hoeverre ben je het eens met de volgende stellingen:  [Ik zou eerder meedoen aan de jongerenmonitor als ik een prijs kan winnen.];In hoeverre ben je het eens met de volgende stellingen:  [Ik zou eerder meedoen als ik weet dat mijn vrienden ook meedoen aan het onderzoek.];Wat zou jou motiveren om wél deel te nemen? (Meerdere antwoorden mogelijk);In hoeverre ben je het eens met de volgende stellingen:  [In zou eerder meedoen als de jongerenmonitor wordt georganiseerd vanuit school] 2;In hoeverre ben je het eens met de volgende stellingen:  [Ik zou eerder meedoen aan de Jongerenmonitor als ik alleen mijn mening hoeft te geven over de thema’s die ik belangrijk vindt.] 2;In hoeverre ben je het eens met de volgende stellingen:  [Ik zou eerder meedoen als het onderzoek anoniem en veilig is.];In hoeverre ben je het eens met de volgende stellingen:  [Ik zou eerder niet meedoen aan de jongerenmonitor als ik een prijs kan winnen.];In hoeverre ben je het eens met de volgende stellingen:  [Ik zou eerder meedoen als ik weet dat mijn vrienden ook meedoen aan het onderzoek.] 2;Stel we organiseren een fysiek evenement om jouw stem op te halen. Wat is volgens jou de beste plek om jou te spreken: (Meerdere antwoorden mogelijk);Stel we organiseren een fysiek evenement om de stem van Brabantse jongeren op te halen. Wat is volgens jou de beste plek om hun te spreken? (Meerdere antwoorden mogelijk);Hoe belangrijk is het voor jou dat je het onderzoek online kunt invullen?  ;Via welk kanaal zouden we jou het beste kunnen bereiken? (Meerdere antwoorden mogelijk)
12-10-2025 15:43;Vrouw;17;Stad;Islam;Mbo;Vrijwilligerswerk;Aantal veilige plekken voor jongeren en meisjes ouder dan 16;Sociale samenhang, Mentale gezondheid, Openbaar vervoer, Sociale media, Politiek & Veiligheid;Een beetje;Niet betrokken;Dat is niet waar.;Dat is waar.;Misschien;Het onderwerp is interessant, Ik krijg een beloning (bijv. cadeaubon), Het kost weinig tijd;Neutraal;Eens;Neutraal;Oneens;Eens;;;;;;;Op school;Op school;Belangrijk, maar niet doorslaggevend;Schoolplatform (Magister)
12-10-2025 16:04;Vrouw;17;Stad;Islam;Mbo;Vrijwilligerswerk;Veiligheid in de avonduren ;Sociale samenhang, Mentale gezondheid, Openbaar vervoer, Sociale media, Politiek, Materiële welvaart, Politiek & Veiligheid;Een beetje;Helemaal niet betrokken;Dat is niet waar.;Dat is waar.;Misschien;Het onderwerp is interessant, Ik kan invloed uitoefenen op beleid, Ik krijg een beloning (bijv. cadeaubon), Het kost weinig tijd;Eens;Eens;Neutraal;Eens;Neutraal;;;;;;;Op school;Op het station;Belangrijk, maar niet doorslaggevend;E-mail
12-10-2025 16:14;Vrouw;17;Stad;Islam;Mbo;Vrijwilligerswerk;Veiligheid ;Sociale samenhang;Helemaal mee oneens;Helemaal niet betrokken;Dat is waar.;Dat is waar.;Nee;;;;;;;Wanneer er een prijs aan verbonden zit;Eens;Eens;Eens;Eens;Eens;Op de sportvereniging;Op werk;Maakt mij niet uit;Snapchat
12-10-2025 16:18;Vrouw;17;Stad;Islam;Mbo;Vrijwilligerswerk;Veiligheid ;Sociale samenhang, Mentale gezondheid, Openbaar vervoer, Sociale media, Diversiteit, inclusie & gelijkheid;Een beetje;Helemaal niet betrokken;Dat is niet waar.;Dat is waar.;Misschien;Het onderwerp is interessant, Ik krijg een beloning (bijv. cadeaubon), Het kost weinig tijd;Eens;Eens;Neutraal;Oneens;Eens;;;;;;;Op school;Op het station;Belangrijk, maar niet doorslaggevend;E-mail
12-16-2025 9:53:58;Man;23;Stad;Atheïsme;Universiteit;Part time;Huisvesting, stijging van prijzen;Sociale samenhang, Wonen & leefomgeving, Economie, werk & welvaart;Een beetje;Helemaal niet betrokken;Dat is waar.;Dat is niet waar.;Misschien;Het onderwerp is interessant, Het kost weinig tijd;Neutraal;Oneens;Eens;Oneens;Neutraal;;;;;;;Op straat;Op straat;Maakt mij niet uit;E-mail
12-16-2025 10:23:19;Vrouw;23;Stad;Atheïsme;Universiteit;Nee;Onderwijs en gezondheidszorg ;Mensen rechten, Mentale gezondheid, Openbaar vervoer, Milieu en klimaat, Economie, werk & welvaart, Politiek & Veiligheid, Diversiteit, inclusie & gelijkheid, Onderwijs;Helemaal mee oneens;Helemaal niet betrokken;Dat is waar.;Dat is niet waar.;Nee;;;;;;;Als ik er geld voor zou krijgen;Eens;Eens;Neutraal;Oneens;Eens;Op school;Op school;Maakt mij niet uit;WhatsApp
12-16-2025 10:26:26;Man;25;Stad;Atheïsme;Universiteit;Full time;Woningnood. Verharding van de samenleving;Wonen & leefomgeving, Milieu en klimaat, (Inter)nationale veiligheid;Eens;Niet betrokken;Dat is waar.;Dat is niet waar.;Misschien;Het onderwerp is interessant, Ik kan invloed uitoefenen op beleid, Ik wil mijn mening laten horen;Oneens;Neutraal;Eens;Neutraal;Oneens;;;;;;;Op school;Op school;Belangrijk, maar niet doorslaggevend;Instagram
12-16-2025 12:14:06;Vrouw;22;Stad;Atheïsme;Hbo;Part time;De manier hoe mensen op dit moment omgaan met ras. AI en hoe het voor een economische crisis gaat zorgen. de verrechtsing van europa. ;Mensen rechten, Politiek, Economie, werk & welvaart, Politiek & Veiligheid, Diversiteit, inclusie & gelijkheid;Helemaal mee eens;Niet betrokken;Dat is waar.;Dat is niet waar.;Misschien;Ik kan invloed uitoefenen op beleid, Ik wil mijn mening laten horen, Ik wil dat jongeren meer betrokken worden bij de politiek, Ik vind het leuk om mee te denken;Neutraal;Eens;Neutraal;Oneens;Oneens;;;;;;;Op school;Op school;Belangrijk, maar niet doorslaggevend;WhatsApp
12-18-2025 9:15:58;Vrouw;23;Stad;Niks;Hbo;Student (mbo, hbo, wo);De maatschappij ;Diversiteit, inclusie & gelijkheid, (Inter)nationale veiligheid;Helemaal mee oneens;Helemaal mee eens;Weet ik niet/wil ik niet zeggen.;Dat is niet waar.;Misschien;Het onderwerp is interessant, Ik krijg een beloning (bijv. cadeaubon), Ik vind het leuk om mee te denken;Neutraal;Neutraal;Eens;Eens;Eens;;;;;;;Op school, Bij de jongerenwerkers;Op school, Op werk, Op de sportvereniging, Bij de jongerenwerkers;Maakt mij niet uit;Instagram, TikTok, WhatsApp, E-mail
1-6-2026 12:40;Vrouw;17;Stad;Atheïsme;Mbo;Student (mbo, hbo, wo);Woning tekort, stijgen van de prijzen;Mensenrechten, Mentale gezondheid, Werk & Vrijetijd, Wonen & leefomgeving, Politiek, Politiek & Veiligheid, (Inter)nationale veiligheid;Een beetje;Oneens;Dat is waar.;Dat is waar.;Nee;;;;;;;Als ik dagen vrij kan krijgen, Als ik weet dat mijn stem gedeelt word met de politiek;Oneens;Eens;Eens;Neutraal;Neutraal;Op school, Op de sportvereniging;Op school, Bij de jongerenwerkers;Heel belangrijk, anders doe ik niet mee;Instagram, TikTok, YouTube
1-6-2026 12:43;Man;20;Dorp;Atheïsme;Mbo;Student (mbo, hbo, wo);Wonen;Wonen & leefomgeving;Een beetje;Een beetje;Dat is waar.;Weet ik niet/wil ik niet zeggen.;Nee;;;;;;;Als ik er geld voor zou krijgen;Eens;Eens;Neutraal;Oneens;Oneens;Op school, Bij de jongerenwerkers;Op school, Bij de jongerenwerkers;Maakt mij niet uit;Schoolplatform (Bijv. Magister), E-mail
1-6-2026 12:48;Man;19;Stad;Islam;Mbo;Student (mbo, hbo, wo);Zekerheid voor later;Werk & Vrijetijd, Wonen & leefomgeving, Politiek, Economie, werk & welvaart, Onderwijs, Financiële gezondheid, (Inter)nationale veiligheid;Een beetje;Oneens;Weet ik niet/wil ik niet zeggen.;Weet ik niet/wil ik niet zeggen.;Nee;;;;;;;Niet nodig;Neutraal;Eens;Eens;Oneens;Oneens;Op school;Op school, Op werk;Belangrijk, maar niet doorslaggevend;Instagram, TikTok, Snapchat
1-6-2026 12:50;Vrouw;17;Dorp;Het is ingewikkeld;Mbo;Student (mbo, hbo, wo);Criminaliteit onder jongeren (middelbare school);Mentale gezondheid, Werk & Vrijetijd, Openbaar vervoer, Verslaving en middelengebruik, Onderwijs, Financiële gezondheid;Een beetje;Een beetje;Dat is waar.;Dat is waar.;Misschien;Het onderwerp is interessant, Het kost weinig tijd, Ik vind het leuk om mee te denken;Neutraal;Eens;Eens;Neutraal;Neutraal;;;;;;;Op school, Op het station;Op school, Op de sportvereniging, Op de zang-, muziek- of toneelvereniging, Op straat, Op het station, Bij de jongerenwerkers;Belangrijk, maar niet doorslaggevend;Snapchat, WhatsApp, Schoolplatform (Bijv. Magister), YouTube
1-6-2026 12:54;Vrouw;17;Dorp;Atheïsme;Mbo;Student (mbo, hbo, wo);Dat trump de president van Venezuela heeft ontvoerd;Mensenrechten, Politiek, Economie, werk & welvaart, Politiek & Veiligheid, Diversiteit, inclusie & gelijkheid, (Inter)nationale veiligheid;Eens;Een beetje;Dat is waar.;Weet ik niet/wil ik niet zeggen.;Nee;;;;;;;Wanneer mijn vrienden meedoen;Eens;Eens;Eens;Neutraal;Eens;Op school, Bij de jongerenwerkers;Op school, Op de sportvereniging, Op straat, Bij de jongerenwerkers;Belangrijk, maar niet doorslaggevend;WhatsApp, E-mail
1-6-2026 13:04;Vrouw;17;Stad;Islam;Mbo;Student (mbo, hbo, wo);eenzaamheid onder jongeren;Mentale gezondheid, Verslaving en middelengebruik;Een beetje;Helemaal mee oneens;Dat is niet waar.;Dat is waar.;Misschien;Het onderwerp is interessant, Ik wil leren over hoe beleid werkt;Neutraal;Eens;Eens;Neutraal;Eens;;;;;;;Op school, Op de sportvereniging, Op straat, Bij de jongerenwerkers;Op school, Op de sportvereniging, Op straat;Belangrijk, maar niet doorslaggevend;Instagram, WhatsApp, Schoolplatform (Bijv. Magister)
1-6-2026 13:17;Vrouw;25;Stad;Islam;Geen opleiding;Werkzaam;Racisme op de werkvloer;Mensenrechten, Mentale gezondheid, Werk & Vrijetijd;Eens;Helemaal mee oneens;Dat is waar.;Dat is niet waar.;Ja;Het onderwerp is interessant, Ik wil mijn mening laten horen, Ik wil dat jongeren meer betrokken worden bij de politiek, Ik vind het leuk om mee te denken, Ik wil leren over hoe beleid werkt;Oneens;Neutraal;Oneens;Oneens;Oneens;;;;;;;Bij de jongerenwerkers;Bij de jongerenwerkers;Belangrijk, maar niet doorslaggevend;WhatsApp
1-6-2026 13:35;Vrouw;17;Stad;Atheïsme;Geen opleiding;Werkzaam;Hoe ik later een huis moet krijgen, discriminatie en racisme, het schoolsysteem;Mensenrechten, Mentale gezondheid, Werk & Vrijetijd, Wonen & leefomgeving, Openbaar vervoer, Milieu en klimaat, Politiek, Economie, werk & welvaart, Politiek & Veiligheid, Diversiteit, inclusie & gelijkheid, Onderwijs, Financiële gezondheid, (Inter)nationale veiligheid;Eens;Mee eens;Dat is waar.;Dat is niet waar.;Misschien;Ik kan invloed uitoefenen op beleid, Ik wil mijn mening laten horen, Ik wil dat jongeren meer betrokken worden bij de politiek, Ik wil leren over hoe beleid werkt;Neutraal;Oneens;Eens;Oneens;Eens;;;;;;;Op school, Op de zang-, muziek- of toneelvereniging, Bij de jongerenwerkers;Op school, Op de sportvereniging, Op de zang-, muziek- of toneelvereniging, Op straat, Op het station, Bij de jongerenwerkers;Maakt mij niet uit;TikTok, WhatsApp, E-mail
1-6-2026 13:52;Vrouw;20;Dorp;Christendom;Mbo;Student (mbo, hbo, wo);huizen;Wonen & leefomgeving, Financiële gezondheid;Oneens;Een beetje;Dat is niet waar.;Dat is waar.;Nee;;;;;;;Wanneer mijn vrienden meedoen, Wanneer er een prijs aan verbonden zit, Als ik dagen vrij kan krijgen, Als ik er geld voor zou krijgen;Neutraal;Eens;Neutraal;Oneens;Eens;Op school;Op school, Op werk, Op de sportvereniging, Op straat, Op het station, Bij de jongerenwerkers;Heel belangrijk, anders doe ik niet mee;Instagram, Schoolplatform (Bijv. Magister)
1-6-2026 13:53;Vrouw;17;Stad;Islam;Mbo;Student (mbo, hbo, wo);Veiligheid op straat en de toekomst van jongeren;Mentale gezondheid, Sociale relaties, Wonen & leefomgeving, Milieu en klimaat, Politiek, Economie, werk & welvaart, Politiek & Veiligheid, Financiële gezondheid, (Inter)nationale veiligheid;Eens;Oneens;Dat is niet waar.;Dat is waar.;Misschien;Ik kan invloed uitoefenen op beleid, Ik krijg een beloning (bijv. cadeaubon);Eens;Eens;Neutraal;Eens;Eens;;;;;;;Op school, Op straat, Op het station;Op school, Op straat, Op het station, Bij de jongerenwerkers;Belangrijk, maar niet doorslaggevend;Snapchat, WhatsApp, Schoolplatform (Bijv. Magister)
1-6-2026 13:56;Non-binair;21;Stad;Islam;Mbo;Student (mbo, hbo, wo);Wonen en geld;Fysieke gezondheid, Mentale gezondheid, Sociale relaties, Werk & Vrijetijd, Wonen & leefomgeving, Openbaar vervoer, Milieu en klimaat, Financiële gezondheid;Eens;Een beetje;Dat is niet waar.;Dat is waar.;Ja;Het onderwerp is interessant, Ik kan invloed uitoefenen op beleid, Ik krijg een beloning (bijv. cadeaubon), Ik wil mijn mening laten horen, Ik wil dat jongeren meer betrokken worden bij de politiek, Ik vind het leuk om mee te denken, Ik wil leren over hoe beleid werkt;Neutraal;Oneens;Eens;Oneens;Neutraal;;;;;;;Op school, Op werk, Op de sportvereniging, Op straat, Op het station;Op school, Op de zang-, muziek- of toneelvereniging, Op straat, Op het station, Bij de jongerenwerkers;Ik doe liever mee in een gesprek of bijeenkomst;Instagram, Snapchat, Discord
1-6-2026 17:52;Vrouw;17;Dorp;Atheïsme;Mbo;Student (mbo, hbo, wo);Woningnood;Wonen & leefomgeving, Milieu en klimaat, Politiek, Politiek & Veiligheid, Onderwijs, Financiële gezondheid;Eens;Oneens;Dat is waar.;Dat is niet waar.;Nee;;;;;;;Als ik er geld voor zou krijgen;Neutraal;Neutraal;Eens;Eens;Eens;Op school;Op school, Bij de jongerenwerkers;Heel belangrijk, anders doe ik niet mee;Instagram, TikTok, Snapchat, WhatsApp
1-6-2026 19:34;Man;17;Stad;Christendom;Mbo;Student (mbo, hbo, wo);"Woningnood, klimaat, financiële stabiliteit in de toekomst, illegale immigranten, onbetrouwbare politici, geen objectieve media meer, vaak linkse praatjes bij journalisten en kranten en dergelijk. Steeds meer respectloze jongeren. Te weinig politie en tegelijkertijd ook handhaving die weinig serieus genomen worden (wat ik begrijp). Polarisatie, rechtse partijen die alles doen voor een stem en linkse partijen die de werkelijke problemen niet durven te bespreken of benoemen. Klimaat, extreme inflatie, begin steeds meer te twijfelen aan de Europese unie. Nederlandse cultuur verdwijnt wat ik een eng iets vind omdat historisch gezien is bij elke val van een rijk of einde van tijdperk begint met het verliezen of veranderen van culturen.

regionaal:
Brabantse geschiedenis word nooit besproken of les over gegeven aan leerlingen en studenten. En bijvoorbeeld over de Brabantse en katholieke onderdrukking door de Hollanders is best interessant en erg belangrijk onderwerp voor de regio. Ook verdwijnt onze Brabantse cultuur en er word ook helaas minder Brabants dialect gesproken.";Mentale gezondheid, Sociale relaties, Werk & Vrijetijd, Wonen & leefomgeving, Sociale media, Milieu en klimaat, Politiek, Economie, werk & welvaart, Politiek & Veiligheid, Diversiteit, inclusie & gelijkheid, Onderwijs, Financiële gezondheid;Helemaal mee eens;Helemaal mee oneens;Dat is niet waar.;Dat is waar.;Misschien;Ik heb het sterves druk. Als ik iets doe wil ik er ook vol voor gaan, en moet mijn aandacht al zeer veel verdelen op het moment.;Oneens;Oneens;Oneens;Oneens;Oneens;;;;;;;Op school, Op de zang-, muziek- of toneelvereniging, Op straat;Op school, Op de zang-, muziek- of toneelvereniging, Mensen geven er niet meer zoveel als je iets loopt te roepen op straat. Die lopen je zo voorbij, helaas ben je via sociale media het meest bereikbaar;Maakt mij niet uit;Instagram, Schoolplatform (Bijv. Magister)
1-7-2026 11:40;Vrouw;16;Dorp;niks;Mbo;Student (mbo, hbo, wo);om niks eigk;Mensenrechten, Verslaving en middelengebruik, Financiële gezondheid;Een beetje;Helemaal mee oneens;Dat is niet waar.;Dat is waar.;Nee;;;;;;;Wanneer mijn vrienden meedoen;Oneens;Oneens;Oneens;Neutraal;Eens;Op school;Op school;Belangrijk, maar niet doorslaggevend;Snapchat, WhatsApp
1-7-2026 11:43;Vrouw;17;Dorp;Atheïsme;Mbo;Student (mbo, hbo, wo);Geestelijke gezondheid bij de jongeren;Mentale gezondheid, Sociale relaties, Werk & Vrijetijd, Wonen & leefomgeving, Sociale media, Milieu en klimaat, Diversiteit, inclusie & gelijkheid, Onderwijs, Financiële gezondheid, (Inter)nationale veiligheid;Helemaal mee eens;Mee eens;Dat is waar.;Weet ik niet/wil ik niet zeggen.;Misschien;Ik wil mijn mening laten horen, Ik vind het leuk om mee te denken;Eens;Neutraal;Neutraal;Oneens;Oneens;;;;;;;Op school, Bij de jongerenwerkers;Op school, Bij de jongerenwerkers;Maakt mij niet uit;Schoolplatform (Bijv. Magister), E-mail
1-7-2026 13:19;Vrouw;23;Dorp;Hindoeïsme;Hbo;Student (mbo, hbo, wo);Over de toekomst van de huidige generatie: met name dat alles duurder wordt en dat het bijna onmogelijk is om aan een huis te komen. En de invloeden van social media.;Wonen & leefomgeving, Sociale media, Economie, werk & welvaart, Financiële gezondheid;Een beetje;Een beetje;Weet ik niet/wil ik niet zeggen.;Weet ik niet/wil ik niet zeggen.;Misschien;Het onderwerp is interessant, Het kost weinig tijd;Oneens;Neutraal;Eens;Neutraal;Oneens;;;;;;;Op de zang-, muziek- of toneelvereniging, Op straat, Bij de jongerenwerkers;Op de zang-, muziek- of toneelvereniging, Op straat, Bij de jongerenwerkers;Belangrijk, maar niet doorslaggevend;Instagram, WhatsApp, E-mail
1-7-2026 16:20;Vrouw;28;Dorp;Vertrouwen in mezelf en handelen uit liefde ;Hbo;Werkzaam;Studieschuld, woningmarkt, te veel en te vroeg social media;Mentale gezondheid, Wonen & leefomgeving, Sociale media, Milieu en klimaat, Verslaving en middelengebruik, Onderwijs, Financiële gezondheid, (Inter)nationale veiligheid;Een beetje;Een beetje;Dat is waar.;Dat is niet waar.;Ja;Ik vind het leuk om mee te denken;Neutraal;Eens;Neutraal;Oneens;Oneens;;;;;;;Maakt niet uit;Op school, Of een informele plek waar je rustig kan zitten wat eten en kan drinken ;Maakt mij niet uit;Instagram, TikTok
1-7-2026 19:05;Weet ik niet;17;Dorp;Atheïsme;Hbo;Student (mbo, hbo, wo);Klimaat verandering;Mensenrechten, Wonen & leefomgeving, Milieu en klimaat, Diversiteit, inclusie & gelijkheid, Onderwijs;Eens;Een beetje;Dat is waar.;Weet ik niet/wil ik niet zeggen.;Misschien;Het onderwerp is interessant, Ik kan invloed uitoefenen op beleid, Ik wil mijn mening laten horen, Ik vind het leuk om mee te denken;Eens;Neutraal;Neutraal;Neutraal;Neutraal;;;;;;;Op school;Op school, Op de zang-, muziek- of toneelvereniging;Maakt mij niet uit;WhatsApp, E-mail
1-7-2026 19:13;Vrouw;19;Dorp;Niks;Hbo;Student (mbo, hbo, wo);Huizenmarkt;Wonen & leefomgeving, Politiek & Veiligheid, (Inter)nationale veiligheid;Eens;Een beetje;Dat is waar.;Dat is niet waar.;Nee;;;;;;;Als ik er geld voor zou krijgen;Oneens;Eens;Eens;Neutraal;Eens;Op school, Op het station;Op school, Op het station;Belangrijk, maar niet doorslaggevend;Instagram, TikTok, Snapchat
1-7-2026 19:33;Man;20;Stad;Christendom;Hbo;Student (mbo, hbo, wo);"Het gebruik van AI: Lesmateriaal en middelen die nodig zijn voor de ontwikkeling binnen de opleiding worden ""lui"" en dit zorgt voor minder effectieve stof.

Internationale stand: Er is momenteel veel aan de gang in de wereld. De Verenigde Staten heeft oorlog verklaard met Venezuela na het ontvoeren van hun president en deze beide landen laten grote vormen van corruptie zien. De president van de Verenigde Staten wilt in oorlog met Groenland. Het nucleaire verdrag tussen de VS en Rusland stopt dit jaar. De VS stapt uit de WHO. Er zijn meerdere burgeroorlog in armoedige landen, bijvoorbeeld in Afrika. Er zijn reizende spanningen tussen Pakistan en India en Afghanistan. Er zijn weer reizende spanningen tussen China en Japan. China wilt Taiwan, dat zou de VS niet pikken. Europa is niet goed verenigd en niet blij met elkaar. De hele wereld is aangetast door een handelsoorlog tussen de VS en China. Israel viel Palestina aan en ook Syrie, Libanon en Iran.
Oorlogsdrones zijn gespot in Europa. Et cetera.
Oh ja, de VS wordt 250 jaar oud. (Niet echt zorgelijk)

Ik maak me ook zorgen om het klimaat, deze gaat langzamerhand achteruit, al is er een kleine verbetering afgelopen jaren. De achteruitgang gaat minder hard dan eerst.

Ik maak me ook zorgen om mijn broers, die zijn recentelijk begonnen met vapen en roken. Ik ga dat spul nooit aanraken. Mijn vader heeft een slechte gezondheid, grotendeels door roken. Hij heeft veel moeite in het dagelijks leven en zou ik niemand aanbevelen. Ik hoop dat mijn broers tijdelijk stoppen. Ik zou ook willen dat mijn vader stopt, maar hij wilt de shock niet riskeren. Hij is zwak en ik zou hem willen helpen.

Ik maak me ook zorgen over de dood, maar dat is een persoonlijke angst waarmee ik me te veel bezig houd.

Ik maak me ook zorgen om mijn pa, van iedere 10 mensen die hem komt helpen maakt er minstens eentje misbruik van zijn zwakte. Zo hebben ze meerdere keren inbraak en diefstal gepleegd sinds hij hulp in huis krijgt.
Ik ben ook steeds bang om hem te verliezen. Ik zou niet weten wat ik moet zonder hem.

Ik ben ook bang slecht over te komen, ik heb meestal goede bedoelingen en ik ben zeer matig in het laten overkomen van deze bedoelingen.

Ik ben bang te falen, want in het nieuwe systeem met modules en leeruitkomsten hier bij Fontys, wordt alles onduidelijk uitgelegd. Zo weet ik niet hoe ik zelfstandig moet leren. Het leermateriaal is anders en voor het vinden van sommige informatie ben ik geforceerd ""AI-chatbots"" te gebruiken omdat hier geen duidelijke toelichting over is gegeven.

Ik ben bang dat ik ontslagen wordt als game programmeur voor twee online spellen in verband met mijn werkdruk en dat ik te veel tijd kwijt ben aan het maken van een planning voor school gerelateerde acties. Ook maak ik het me lastig met mijn bestuursrol in mijn studievereniging, al heb ik een vrij passieve taak. Dit brengt me toch extra werklast.

Ik ben ook bang dat we in een recessie kunnen komen. Ik wil niet al mijn spaargeld verliezen.

Ik ben ook bang dat mijn mentale gezondheid langzamerhand achteruit loopt. het lukt soms niet om uit bed te komen.

Ik zou me vast over meer dingen zorgen maken, maar komt even niet op in mijn hoofd.";Mensenrechten, Fysieke gezondheid, Mentale gezondheid, Sociale relaties, Werk & Vrijetijd, Sociale media, Milieu en klimaat, Politiek, Economie, werk & welvaart, Politiek & Veiligheid, Verslaving en middelengebruik, Onderwijs, Financiële gezondheid, (Inter)nationale veiligheid;Helemaal mee eens;Een beetje;Dat is niet waar.;Weet ik niet/wil ik niet zeggen.;Misschien;Het onderwerp is interessant, Ik kan invloed uitoefenen op beleid, Het kost weinig tijd, Ik wil mijn mening laten horen, Ik wil dat jongeren meer betrokken worden bij de politiek, Ik vind het leuk om mee te denken, Ik wil leren over hoe beleid werkt, Mijn vrienden doen ook (al) mee, Het zou me motiveren als ik een flexibele bijdrage kan geven, zonder veel te reizen of aanwezig op locatie te zijn. Op locatie aanwezig zijn is erg demotiverend als ik er op het einde geen voldoening ervaar.;Oneens;Neutraal;Eens;Eens;Eens;;;;;;;Op school, Op het station, Bij de jongerenwerkers;Op school, Op de sportvereniging, Op straat, Op het station, Bij de jongerenwerkers;Belangrijk, maar niet doorslaggevend;WhatsApp, Discord
1-8-2026 08:22;Man;22;Dorp;Atheïsme;Hbo;Werkzaam;Toekomst, onderpopulatie, te veel beurocratie in overheid;Fysieke gezondheid, Mentale gezondheid, Sociale relaties, Wonen & leefomgeving, Milieu en klimaat;Een beetje;Oneens;Weet ik niet/wil ik niet zeggen.;Dat is waar.;Nee;;;;;;;Als ik weet dat mijn stem gedeelt word met de politiek;Eens;Eens;Oneens;Neutraal;Neutraal;Op school;Op school, Op de sportvereniging;Belangrijk, maar niet doorslaggevend;Instagram, Schoolplatform (Bijv. Magister), E-mail
1-8-2026 09:07;Vrouw;21;Stad;Atheïsme;Hbo;Student (mbo, hbo, wo);Over de samenleving en over woningen;Wonen & leefomgeving, Politiek, Politiek & Veiligheid, Diversiteit, inclusie & gelijkheid, (Inter)nationale veiligheid;Een beetje;Helemaal mee oneens;Dat is niet waar.;Dat is waar.;Nee;;;;;;;Als ik er geld voor zou krijgen, Als er daadwerkelijk iets mee gedaan wordt;Oneens;Oneens;Oneens;Oneens;Oneens;Op school;Op straat;Belangrijk, maar niet doorslaggevend;Instagram, Schoolplatform (Bijv. Magister)
1-8-2026 09:08;Vrouw;22;Dorp;Geen;Hbo;Werkzaam;Woningmarkt en agressiviteit jegens anderen;Fysieke gezondheid, Mentale gezondheid, Sociale relaties, Wonen & leefomgeving, Politiek, Verslaving en middelengebruik;Eens;Oneens;Dat is waar.;Dat is niet waar.;Misschien;Het onderwerp is interessant, Ik wil dat jongeren meer betrokken worden bij de politiek;Eens;Neutraal;Eens;Neutraal;Oneens;;;;;;;Op school, Op het station;Op school, Op het station;Belangrijk, maar niet doorslaggevend;Instagram, TikTok, WhatsApp, Schoolplatform (Bijv. Magister), E-mail
1-8-2026 09:21;Vrouw;20;Stad;Christendom;Hbo;Student (mbo, hbo, wo);Huisvesting en klimaatverandering ;Mensenrechten, Fysieke gezondheid, Mentale gezondheid, Werk & Vrijetijd, Wonen & leefomgeving, Sociale media, Milieu en klimaat, Economie, werk & welvaart, Financiële gezondheid;Eens;Een beetje;Dat is waar.;Dat is niet waar.;Misschien;Het onderwerp is interessant, Het kost weinig tijd, Ik wil mijn mening laten horen, Ik wil dat jongeren meer betrokken worden bij de politiek, Ik vind het leuk om mee te denken, Ik wil leren over hoe beleid werkt;Eens;Eens;Eens;Neutraal;Neutraal;;;;;;;Op school;Op school, Op straat, Op het station;Belangrijk, maar niet doorslaggevend;Schoolplatform (Bijv. Magister), E-mail
1-8-2026 09:27;Vrouw;21;Dorp;Islam;Hbo;Student (mbo, hbo, wo);Huizenmarkt, inflatie en femicide;Mensenrechten, Wonen & leefomgeving, Politiek & Veiligheid, Financiële gezondheid;Een beetje;Oneens;Dat is niet waar.;Dat is waar.;Misschien;Het onderwerp is interessant, Het kost weinig tijd;Neutraal;Eens;Eens;Neutraal;Neutraal;;;;;;;Op school, Op het station;Op school, Op de sportvereniging, Op het station, Bij de jongerenwerkers;Heel belangrijk, anders doe ik niet mee;Instagram, TikTok, E-mail
1-8-2026 10:05;Vrouw;17;Dorp;Christendom;Hbo;Student (mbo, hbo, wo);Prijzen;Economie, werk & welvaart;Helemaal mee oneens;Oneens;Dat is waar.;Dat is waar.;Nee;;;;;;;Als ik weet dat mijn stem gedeelt word met de politiek;Oneens;Neutraal;Eens;Neutraal;Oneens;Op school, Op werk;Op school, Op werk;Belangrijk, maar niet doorslaggevend;WhatsApp
1-8-2026 10:47;Vrouw;24;Stad;Islam;Hbo;Student (mbo, hbo, wo);Financiële situatie gezien ik graag door wil studeren naar de universiteit, maar tegelijk zijn kosten om te leven, kosten voor studie en kosten om gericht je eigen toekomst op te bouwen moeilijk te combineren en wordt alles duurder. ;Wonen & leefomgeving, Sociale media, Politiek, Economie, werk & welvaart, Politiek & Veiligheid, Diversiteit, inclusie & gelijkheid, (Inter)nationale veiligheid;Eens;Oneens;Dat is waar.;Dat is niet waar.;Misschien;Ik kan invloed uitoefenen op beleid, Ik wil mijn mening laten horen, Ik wil dat jongeren meer betrokken worden bij de politiek;Neutraal;Oneens;Oneens;Neutraal;Oneens;;;;;;;Op school;Op school, Op het station;Belangrijk, maar niet doorslaggevend;WhatsApp, E-mail
1-8-2026 10:52;Vrouw;23;Stad;Boeddhisme;Hbo;Werkzaam;Discriminatie, wonen, natuur - staat van de wereld;Mensenrechten, Mentale gezondheid, Werk & Vrijetijd, Wonen & leefomgeving, Openbaar vervoer, Sociale media, Milieu en klimaat, Politiek, Politiek & Veiligheid, Diversiteit, inclusie & gelijkheid, Onderwijs, Financiële gezondheid, (Inter)nationale veiligheid;Helemaal mee eens;Een beetje;Dat is waar.;Dat is niet waar.;Ja;Het onderwerp is interessant, Ik kan invloed uitoefenen op beleid, Ik wil mijn mening laten horen, Ik wil dat jongeren meer betrokken worden bij de politiek, Ik vind het leuk om mee te denken, Ik wil leren over hoe beleid werkt;Eens;Oneens;Neutraal;Neutraal;Oneens;;;;;;;Op werk, Op straat, Op het station, Bij de jongerenwerkers;Op school, Op werk, Op de sportvereniging, Op de zang-, muziek- of toneelvereniging, Op straat, Op het station, Bij de jongerenwerkers, Organisaties en trainingen die met jongeren werken zoals Futureproof en Impactmakers;Belangrijk, maar niet doorslaggevend;Instagram, TikTok, Signal
1-8-2026 10:54;Vrouw;20;Stad;Atheïsme;Hbo;Student (mbo, hbo, wo);Woningnood & agressie onder jongeren;Mentale gezondheid, Wonen & leefomgeving, Sociale media, (Inter)nationale veiligheid;Een beetje;Een beetje;Dat is niet waar.;Dat is waar.;Misschien;Het onderwerp is interessant, Ik kan invloed uitoefenen op beleid, Ik krijg een beloning (bijv. cadeaubon), Ik vind het leuk om mee te denken;Eens;Eens;Neutraal;Eens;Neutraal;;;;;;;Op school;Op school;Belangrijk, maar niet doorslaggevend;WhatsApp, E-mail
1-8-2026 11:07;Vrouw;17;Stad;niks;Mbo;Scholier (vmbo, havo, vwo);criminaliteit ;Verslaving en middelengebruik;Een beetje;Oneens;Dat is niet waar.;Dat is waar.;Nee;;;;;;;Wanneer mijn vrienden meedoen;Neutraal;Eens;Eens;Oneens;Eens;Op school;Op school;Maakt mij niet uit;WhatsApp
1-8-2026 11:08;Vrouw;17;Dorp;Christendom;Mbo;Student (mbo, hbo, wo);Gezondheid ;Fysieke gezondheid, Mentale gezondheid, Financiële gezondheid;Een beetje;Een beetje;Dat is waar.;Weet ik niet/wil ik niet zeggen.;Nee;;;;;;;Als ik er geld voor zou krijgen;Neutraal;Eens;Eens;Eens;Eens;Op school;Op school;Belangrijk, maar niet doorslaggevend;Schoolplatform (Bijv. Magister)
1-8-2026 11:11;Vrouw;17;Stad;Atheïsme;Mbo;Student (mbo, hbo, wo);rechtse politiek, onrust over de wereld, mentale gezondheid ;Mensenrechten, Mentale gezondheid, Politiek, Economie, werk & welvaart, Politiek & Veiligheid, (Inter)nationale veiligheid;Helemaal mee eens;Oneens;Dat is waar.;Dat is waar.;Misschien;Het onderwerp is interessant, Ik kan invloed uitoefenen op beleid, Ik wil mijn mening laten horen;Neutraal;Eens;Neutraal;Oneens;Neutraal;;;;;;;Op school;Op school, Bij de jongerenwerkers;Maakt mij niet uit;WhatsApp, E-mail
1-8-2026 11:21;Vrouw;21;Dorp;Atheïsme;Hbo;Student (mbo, hbo, wo);politiek;Mensenrechten, Wonen & leefomgeving, Politiek, Politiek & Veiligheid, Diversiteit, inclusie & gelijkheid, Financiële gezondheid, (Inter)nationale veiligheid;Eens;Een beetje;Dat is waar.;Dat is niet waar.;Ja;Ik vind het leuk om mee te denken;Eens;Eens;Eens;Neutraal;Oneens;;;;;;;Op straat, Op het station;Op school;Belangrijk, maar niet doorslaggevend;WhatsApp, E-mail
1-8-2026 11:22;Vrouw;16;Dorp;Atheïsme;Mbo;Student (mbo, hbo, wo);mentale gezondheid;Mentale gezondheid, Sociale relaties;Een beetje;Een beetje;Dat is waar.;Dat is waar.;Nee;;;;;;;Wanneer mijn vrienden meedoen;Oneens;Neutraal;Eens;Neutraal;Neutraal;Op school;Op school;Maakt mij niet uit;Instagram, WhatsApp
1-8-2026 11:56;Vrouw;21;Stad;Atheïsme;Hbo;Student (mbo, hbo, wo);huisvesting, veiligheid en de wijze waarop vele mensen het wetboek van strafrecht wilt veranderen;Mensenrechten, Wonen & leefomgeving, Politiek, Politiek & Veiligheid, (Inter)nationale veiligheid;Helemaal mee eens;Een beetje;Dat is niet waar.;Dat is niet waar.;Misschien;Het onderwerp is interessant, Ik kan invloed uitoefenen op beleid, Ik krijg een beloning (bijv. cadeaubon), Het kost weinig tijd, Ik wil mijn mening laten horen, Ik wil dat jongeren meer betrokken worden bij de politiek, Ik vind het leuk om mee te denken, Ik wil leren over hoe beleid werkt;Eens;Neutraal;Eens;Oneens;Neutraal;;;;;;;Op school, Op de sportvereniging, sociale media;Op school, Op werk, Op de sportvereniging, Bij de jongerenwerkers, sociale  media;Belangrijk, maar niet doorslaggevend;Instagram, TikTok, Snapchat, WhatsApp, Schoolplatform (Bijv. Magister), E-mail
1-8-2026 12:09;Vrouw;20;Stad;Niks;Mbo;Student (mbo, hbo, wo);Sociaal media, slaaptekort;Fysieke gezondheid, Mentale gezondheid, Sociale media, Verslaving en middelengebruik, Onderwijs;Eens;Mee eens;Dat is waar.;Dat is niet waar.;Nee;;;;;;;Als ik dagen vrij kan krijgen;Eens;Neutraal;Eens;Oneens;Eens;Op school;Op school;Maakt mij niet uit;WhatsApp, E-mail
1-8-2026 12:40;Man;22;Stad;Atheïsme;Universiteit;Student (mbo, hbo, wo);"Als eerste: Huizen markt / kamer kunnen vinden (Veel tijd aan besteedt, niet gelukt (mogelijk met een gebrek aan goed geluk aan mijn kant), heb het voor nu maar opgegeven, de kamers die wel beschikbaar waren, waren veel duurder dan op en neer reizen en dan zit je in een huis met mensen die alleenmaar willen feesten en doen). Als tweede mijn tentamens (blijft een hoop stres opleveren, maar het hoort er nou eenmaal bij). Daarnaast, niet persee een thema, maar wel iets waar ik ""last"" van heb, of in ieder geval genoeg frustraties oplevert. Ik heb een andere politieke mening dan meeste mensen op de universiteiten (Ik zie mijzelf als iets rechts van het midden) en hierdoor moet ik mij in discussies heel vaak inhouden meningen te delen. Er zijn maar een paar mensen die mijn mening kunnen respecteren zonder er gelijk van uit te gaan dat ik een immoreel, verschrikkelijk persoon ben die alle slechte dingen van de wereld verdiend (Ik zou willen dat ik aan het overdrijven was, je moest eens horen hoe ze kunnen praten over sommigen). Dus ja ik ga alleen naar school voor de lessen en doe er omheen niet zo veel. Op het HBO was dit naar mijn idee een stuk minder, maar dat kan ook aan mijn vorige opleiding liggen. M.a.w. naar mijn idee heerst er op veel universiteiten in nederland een cultuur waarin je alleen als moreel of goed persoon beschouwd kan worden als je in instemming bent met de populaire (linkse) cultuur en ALLES wat daarbij komt kijken. Terwijl ik had gehoopt dat het meer een omgeving zou zijn waar intelectueel gespard zou kunnen worden tussen verschillende ideeën, maar nogsteeds respectvol met elkaar om kan worden gegaan. Ook hebben veel mensen op de unie een veel te groot ego. Ze denken te weten hoe alles werkt en zou moeten zijn omdat ze aan de uni studeren, terwijl de helft of meer van hun nog nooit een dag in hun leven hebben moeten werken voor hun eigen geld. (Excuses voor de rant). Er zijn natuurlijk ook grotere problemen in de wereld (oorlogen), maar ik heb simpelweg de capaciteit niet om mij daar allemaal zorgen om te maken en mijn leven normaal te leven. Oja, ook nog energieprijzen die maar blijven stijgen (met name gasprijzen) wat indirect betekend dat inflatie nog harder stijgt dan ""normaal"". Ik snap dat zorgen voor het klimaat belangrijk is, maar is het echt nodig om indirect de armoede zeer te verhogen (of iig de leefbaarheid van mensen met gemiddeld inkomen of lager zeer te benadelen) om te compenseren voor uitstoot van co2? Ook vindt ik het zorgbarend dat elk jaar weer door meerdere nieuws zenders wordt verteld dat de overheid miljarden euro's aan belastingsgeld ""kwijtraken"", ik vindt dat daar iets aan gedaan moet worden. En als laatste maak ik mij lichtelijk zorgen voor de toekomst van nederland, aangezien steeds meer mensen kiezen voor ""makkelijke"" opleidingen die eerlijk gezegd vrij weinig toevoegen aan de maatschappij (sorrie, maar we hebben echt niet zo veel communicatie of dergelijke studenten nodig) en een steeds afnemende hoeveelheid vakmensen (want mensen hun ego's zien dat als minderwaardig) of technische mensen (want dat vinden ze te moeilijk, en waarom ergens moeite in steken als papa overheid wel voor je zorgt als het later niet zo goed gaat). Geen wornder dat er arbeids migranten / expats uit het buitenland worden gehaald, maar op grote schaal vind ik dat eigenlijk een slecht idee, ook voor de nederlandse cultuur.";Mentale gezondheid, Sociale relaties, Wonen & leefomgeving, Politiek, Economie, werk & welvaart, Onderwijs, Financiële gezondheid;Een beetje;Oneens;Dat is waar.;Weet ik niet/wil ik niet zeggen.;Nee;;;;;;;Als ik dagen vrij kan krijgen, Als ik er geld voor zou krijgen, Als ik weet dat mijn stem gedeelt word met de politiek;Neutraal;Neutraal;Eens;Neutraal;Neutraal;Op school, Op het station, Bij de jongerenwerkers;Op school, Bij de jongerenwerkers;Heel belangrijk, anders doe ik niet mee;Instagram, Schoolplatform (Bijv. Magister)
1-8-2026 13:29;Vrouw;25;Stad;Christendom;Universiteit;Werkzaam;Woningmarkt, oorlog, mentale gezondheid ;Fysieke gezondheid, Mentale gezondheid, Sociale relaties, Werk & Vrijetijd, Wonen & leefomgeving, Milieu en klimaat, Financiële gezondheid;Eens;Oneens;Dat is waar.;Dat is niet waar.;Ja;Het onderwerp is interessant, Ik kan invloed uitoefenen op beleid, Ik krijg een beloning (bijv. cadeaubon), Het kost weinig tijd, Ik vind het leuk om mee te denken, Ik wil leren over hoe beleid werkt;Eens;Eens;Neutraal;Neutraal;Neutraal;;;;;;;Op straat;Op school, Op de sportvereniging, Op het station;Ik doe liever mee in een gesprek of bijeenkomst;WhatsApp
1-8-2026 14:26;Vrouw;21;Stad;Atheïsme;Hbo;Student (mbo, hbo, wo);huizenmarkt, politiek-gerelateerde onderwerpen ;Mentale gezondheid, Wonen & leefomgeving, Politiek, Economie, werk & welvaart, Politiek & Veiligheid, Verslaving en middelengebruik, Onderwijs, Financiële gezondheid, (Inter)nationale veiligheid;Helemaal mee eens;Helemaal mee oneens;Dat is waar.;Dat is waar.;Misschien;Ik wil mijn mening laten horen, Ik wil dat jongeren meer betrokken worden bij de politiek, Ik vind het leuk om mee te denken;Eens;Eens;Oneens;Oneens;Oneens;;;;;;;Op school;Op school, Op werk, Op de sportvereniging, Op de zang-, muziek- of toneelvereniging, Bij de jongerenwerkers;Maakt mij niet uit;Instagram, TikTok, Snapchat, WhatsApp, Schoolplatform (Bijv. Magister), YouTube, E-mail
1-8-2026 14:56;Vrouw;18;Dorp;Christendom;Hbo;Student (mbo, hbo, wo);?;Fysieke gezondheid, Wonen & leefomgeving, Openbaar vervoer, Verslaving en middelengebruik;Oneens;Helemaal mee oneens;Dat is niet waar.;Weet ik niet/wil ik niet zeggen.;Nee;;;;;;;Wanneer er een prijs aan verbonden zit, Als ik er geld voor zou krijgen;Neutraal;Eens;Eens;Eens;Neutraal;Op school;Op school, Op het station;Belangrijk, maar niet doorslaggevend;Instagram, Snapchat, Schoolplatform (Bijv. Magister)
1-8-2026 15:25;Vrouw;22;Stad;agnostisch;Hbo;Student (mbo, hbo, wo);klimaat, trans rechten, racisme, militairisme, privacy;Mensenrechten, Fysieke gezondheid, Mentale gezondheid, Sociale relaties, Werk & Vrijetijd, Wonen & leefomgeving, Openbaar vervoer, Sociale media, Milieu en klimaat, Politiek, Diversiteit, inclusie & gelijkheid, Verslaving en middelengebruik;Een beetje;Oneens;Dat is waar.;Dat is niet waar.;Misschien;Ik krijg een beloning (bijv. cadeaubon), Het kost weinig tijd, Ik wil mijn mening laten horen, Ik wil dat jongeren meer betrokken worden bij de politiek;Eens;Oneens;Eens;Eens;Oneens;;;;;;;Op school;Op school;Belangrijk, maar niet doorslaggevend;Instagram, Schoolplatform (Bijv. Magister)
1-8-2026 16:12;Vrouw;19;Stad;Atheïsme;Hbo;Student (mbo, hbo, wo);Politiek, mentalegezondheid, vrouwenrechten/veiligheid;Mensenrechten, Fysieke gezondheid, Mentale gezondheid, Sociale relaties, Wonen & leefomgeving, Sociale media, Politiek, Politiek & Veiligheid, Diversiteit, inclusie & gelijkheid;Eens;Een beetje;Dat is niet waar.;Dat is waar.;Nee;;;;;;;Als ik er geld voor zou krijgen;Neutraal;Neutraal;Neutraal;Neutraal;Neutraal;Op school, Op werk;Op school;Belangrijk, maar niet doorslaggevend;WhatsApp
1-8-2026 16:26;Man;21;Dorp;Christendom;Hbo;Student (mbo, hbo, wo);Klimaat, internationale spanningen, de onrustige binnenlandse politiek en het tekort aan personeel in de Rechtspraak;Werk & Vrijetijd, Milieu en klimaat, Politiek, Politiek & Veiligheid, (Inter)nationale veiligheid;Een beetje;Oneens;Dat is waar.;Dat is niet waar.;Nee;;;;;;;Als ik dagen vrij kan krijgen;Oneens;Oneens;Oneens;Oneens;Oneens;Op school;Op school, Op het station;Maakt mij niet uit;Instagram, WhatsApp, Schoolplatform (Bijv. Magister), E-mail
1-8-2026 19:55;Man;18;Stad;Islam;Hbo;Student (mbo, hbo, wo);Openbaar vervoer en wonen;Mentale gezondheid, Wonen & leefomgeving, Openbaar vervoer, Politiek, Politiek & Veiligheid;Eens;Een beetje;Dat is waar.;Dat is waar.;Misschien;Het onderwerp is interessant, Ik wil dat jongeren meer betrokken worden bij de politiek;Eens;Neutraal;Eens;Neutraal;Oneens;;;;;;;Op school, Op het station;Op school;Heel belangrijk, anders doe ik niet mee;Instagram, TikTok
1-9-2026 18:03;Man;21;Dorp;Islam;Hbo;Student (mbo, hbo, wo);Stijgende studiekosten, ik merk dat het wettelijk collegegeld elk jaar steeds groter wordt.;Openbaar vervoer, Onderwijs, Financiële gezondheid;Eens;Een beetje;Dat is niet waar.;Dat is niet waar.;Ja;Het onderwerp is interessant, Het kost weinig tijd, Ik vind het leuk om mee te denken;Oneens;Eens;Oneens;Oneens;Oneens;;;;;;;Op school;Op school;Belangrijk, maar niet doorslaggevend;Schoolplatform (Bijv. Magister), E-mail
1-10-2026 17:17;Man;19;Stad;Christendom;Hbo;Student (mbo, hbo, wo);Veiligheid, openbaar vervoer en activiteiten ;Mensenrechten, Fysieke gezondheid, Sociale relaties, Wonen & leefomgeving, Openbaar vervoer, Sociale media, Politiek, Economie, werk & welvaart, Politiek & Veiligheid, Onderwijs, Financiële gezondheid, (Inter)nationale veiligheid;Eens;Een beetje;Dat is waar.;Dat is waar.;Misschien;Het onderwerp is interessant, Ik kan invloed uitoefenen op beleid, Ik krijg een beloning (bijv. cadeaubon), Het kost weinig tijd, Ik wil mijn mening laten horen, Ik wil dat jongeren meer betrokken worden bij de politiek, Ik vind het leuk om mee te denken;Neutraal;Neutraal;Eens;Eens;Oneens;;;;;;;Op school, Op straat;Op school, Op straat, Op het station;Belangrijk, maar niet doorslaggevend;WhatsApp, Schoolplatform (Bijv. Magister), E-mail
1-12-2026 11:54;Man;19;Dorp;Islam;Mbo;Student (mbo, hbo, wo);-;Sociale relaties;Een beetje;Een beetje;Dat is niet waar.;Dat is waar.;Nee;;;;;;;Als ik er geld voor zou krijgen;Neutraal;Neutraal;Neutraal;Neutraal;Neutraal;Op school;Op school;Maakt mij niet uit;WhatsApp, E-mail
1-12-2026 14:09;Vrouw;23;Dorp;Niks;Mbo;Werkzaam;De huizen prijzen;Sociale relaties, Wonen & leefomgeving, Milieu en klimaat, Financiële gezondheid;Een beetje;Een beetje;Dat is waar.;Dat is niet waar.;Ja;Het onderwerp is interessant, Ik kan invloed uitoefenen op beleid, Ik wil mijn mening laten horen;Eens;Eens;Neutraal;Neutraal;Neutraal;;;;;;;Op school, Op de sportvereniging;Op school, Op de sportvereniging;Belangrijk, maar niet doorslaggevend;Instagram, WhatsApp
1-12-2026 15:32;Vrouw;17;Dorp;Christendom;Mbo;Student (mbo, hbo, wo);De jeugd ;Mensenrechten, Werk & Vrijetijd, Onderwijs;Een beetje;Helemaal mee oneens;Weet ik niet/wil ik niet zeggen.;Weet ik niet/wil ik niet zeggen.;Nee;;;;;;;Als ik er geld voor zou krijgen;Oneens;Oneens;Oneens;Oneens;Oneens;Op school;Op school;Maakt mij niet uit;E-mail
1-12-2026 15:32;Vrouw;16;Dorp;Niks;Mbo;Student (mbo, hbo, wo);Geld;Wonen & leefomgeving;Oneens;Mee eens;Weet ik niet/wil ik niet zeggen.;Dat is niet waar.;Nee;;;;;;;Geen;Oneens;Oneens;Oneens;Oneens;Oneens;Op straat;Op straat;Ik doe liever mee in een gesprek of bijeenkomst;WhatsApp
1-12-2026 15:32;Vrouw;17;Stad;Niks;Mbo;Student (mbo, hbo, wo);Geld;Politie;Helemaal mee oneens;Helemaal mee eens;Dat is waar.;Dat is niet waar.;Nee;;;;;;;Geen zin in;Oneens;Oneens;Oneens;Oneens;Oneens;Op straat;Op straat;Maakt mij niet uit;Snapchat
1-12-2026 15:32;Vrouw;18;Dorp;Niks;Mbo;Student (mbo, hbo, wo);Geen;Werk & Vrijetijd, ;Helemaal mee oneens;Een beetje;Dat is niet waar.;Dat is waar.;Misschien;Niet;Oneens;Oneens;Oneens;Oneens;Oneens;;;;;;;Niet ;Niet;Niet ;TikTok, Snapchat
1-12-2026 15:32;Vrouw;17;Dorp;Christendom;Mbo;Student (mbo, hbo, wo);Niks eigenlijk ;Niks;Helemaal mee oneens;Een beetje;Dat is niet waar.;Dat is waar.;Nee;;;;;;;Niets wil er niet aan mee doen;Oneens;Oneens;Oneens;Oneens;Oneens;Nergens ;Geen idee;Maakt mij niet uit;Nergens op 
1-12-2026 15:32;Vrouw;17;Dorp;Christendom;Mbo;Student (mbo, hbo, wo);Niks ;Politiek & Veiligheid;Een beetje;Mee eens;Weet ik niet/wil ik niet zeggen.;Dat is waar.;Nee;;;;;;;Als ik er geld voor zou krijgen;Oneens;Oneens;Oneens;Oneens;Oneens;Op school, Op de sportvereniging, Op de zang-, muziek- of toneelvereniging;Op school, Op de zang-, muziek- of toneelvereniging, Op straat;Maakt mij niet uit;E-mail
1-12-2026 15:32;Vrouw;16;Stad;Geen;Mbo;Student (mbo, hbo, wo);Mensen prate teveel over de lgbtq hele waslijst;Mensenrechten, Mentale gezondheid, Werk & Vrijetijd, Openbaar vervoer, Sociale media, Onderwijs, Financiële gezondheid;Oneens;Oneens;Weet ik niet/wil ik niet zeggen.;Dat is waar.;Misschien;Ik vind het leuk om mee te denken;Oneens;Eens;Eens;Eens;Neutraal;;;;;;;Op school, Op de zang-, muziek- of toneelvereniging, Bij de jongerenwerkers;Op werk, Op de sportvereniging, Bij de jongerenwerkers;Ik doe liever mee in een gesprek of bijeenkomst;TikTok, Snapchat, WhatsApp
1-12-2026 15:32;Vrouw;17;Stad;Christendom;Mbo;Student (mbo, hbo, wo);Niks;Niks;Oneens;Een beetje;Weet ik niet/wil ik niet zeggen.;Weet ik niet/wil ik niet zeggen.;Nee;;;;;;;Ik heb er geen tijd voor;Oneens;Oneens;Oneens;Oneens;Oneens;Op school, Op werk, Op straat;Op school, Op werk, Op straat;Maakt mij niet uit;WhatsApp, Schoolplatform (Bijv. Magister)
1-12-2026 15:33;Vrouw;20;Stad;Christendom;Kader;Student (mbo, hbo, wo);Niks;Nikd;Een beetje;Helemaal mee oneens;Dat is niet waar.;Dat is waar.;Nee;;;;;;;Niet;Oneens;Oneens;Oneens;Oneens;Oneens;Op school, Op straat;Op school, Op straat;Maakt mij niet uit;Niet
1-12-2026 15:33;Vrouw;17;Dorp;niks;Mbo;Student (mbo, hbo, wo);van niks eigenlijk ;niks;Helemaal mee oneens;Een beetje;Weet ik niet/wil ik niet zeggen.;Dat is waar.;Nee;;;;;;;Als ik er geld voor zou krijgen;Oneens;Oneens;Oneens;Oneens;Oneens;Op school, Op werk;Op school, Op de sportvereniging;Maakt mij niet uit;Snapchat
1-12-2026 15:33;Vrouw;16;Dorp;Niks;Mbo;Student (mbo, hbo, wo);Niks;Niks;Helemaal mee oneens;Oneens;Weet ik niet/wil ik niet zeggen.;Weet ik niet/wil ik niet zeggen.;Nee;;;;;;;Als ik er geld voor zou krijgen;Oneens;Oneens;Oneens;Neutraal;Neutraal;Nergens;Nergens;Ik doe liever mee in een gesprek of bijeenkomst;Nergens
1-12-2026 15:35;Man;22;Dorp;Islam;Mbo;Werkzaam;.;Mentale gezondheid, Sociale relaties, Verslaving en middelengebruik;Een beetje;Mee eens;Weet ik niet/wil ik niet zeggen.;Dat is niet waar.;Nee;;;;;;;Als ik er geld voor zou krijgen;Neutraal;Neutraal;Neutraal;Neutraal;Neutraal;Op school;Op school;Maakt mij niet uit;E-mail
1-12-2026 15:38;Vrouw;25;Stad;Islam;Mbo;Student (mbo, hbo, wo);Ik wet iegt niet .;Mensenrechten, Fysieke gezondheid, Mentale gezondheid, Sociale relaties, Wonen & leefomgeving, Openbaar vervoer, Milieu en klimaat, Financiële gezondheid;Een beetje;Oneens;Weet ik niet/wil ik niet zeggen.;Weet ik niet/wil ik niet zeggen.;Nee;;;;;;;Ik wel niet ;Neutraal;Neutraal;Neutraal;Oneens;Neutraal;Op school;Op school;Maakt mij niet uit;WhatsApp
1-13-2026 11:08:39;Vrouw;20;Dorp;Atheïsme;Mbo;Student (mbo, hbo, wo);Niks;Fysieke gezondheid, Mentale gezondheid, Sociale relaties, Werk & Vrijetijd, Sociale media, Verslaving en middelengebruik;Een beetje;Helemaal mee oneens;Dat is niet waar.;Dat is waar.;Misschien;Mijn vrienden doen ook (al) mee;Neutraal;Neutraal;Neutraal;Neutraal;Neutraal;;;;;;;Op werk, Op de sportvereniging;Op werk;Maakt mij niet uit;Instagram, TikTok, Snapchat
1-13-2026 11:08:48;Vrouw;17;Dorp;Atheïsme;Mbo;Student (mbo, hbo, wo);Mentale gezondheid ;Mentale gezondheid, Economie, werk & welvaart, Verslaving en middelengebruik, Financiële gezondheid;Oneens;Mee eens;Weet ik niet/wil ik niet zeggen.;Weet ik niet/wil ik niet zeggen.;Nee;;;;;;;Als ik dagen vrij kan krijgen;Oneens;Neutraal;Oneens;Neutraal;Eens;Op school;Op school;Belangrijk, maar niet doorslaggevend;WhatsApp, E-mail
1-13-2026 11:09:00;Vrouw;17;Dorp;Niks ;Mbo;Student (mbo, hbo, wo);Niks ;Niks;Oneens;Oneens;Weet ik niet/wil ik niet zeggen.;Weet ik niet/wil ik niet zeggen.;Misschien;Niks ;Neutraal;Neutraal;Neutraal;Neutraal;Neutraal;;;;;;;Op school;Op school;Maakt mij niet uit;Snapchat
1-13-2026 11:09:48;Vrouw;17;Dorp;Atheïsme;Mbo;Werkzaam;Niks ;Onderwijs;Helemaal mee oneens;Helemaal mee eens;Weet ik niet/wil ik niet zeggen.;Dat is waar.;Nee;;;;;;;Als ik dagen vrij kan krijgen;Oneens;Oneens;Oneens;Eens;Oneens;Op school;Op school, Op werk;Maakt mij niet uit;Instagram, TikTok, Snapchat
1-13-2026 11:11:12;Vrouw;18;Stad;Christendom;Mbo;Student (mbo, hbo, wo);Natuur;Mensenrechten, Fysieke gezondheid, Mentale gezondheid;Een beetje;Een beetje;Weet ik niet/wil ik niet zeggen.;Weet ik niet/wil ik niet zeggen.;Nee;;;;;;;Als ik er geld voor zou krijgen;Neutraal;Neutraal;Neutraal;Neutraal;Neutraal;Op school;Op school;Maakt mij niet uit;Snapchat
1-14-2026 10:35:56;Vrouw;22;Stad;Atheïsme;Hbo;Student (mbo, hbo, wo);Of het later lukt om een baan te behouden, klimaatverandering, verdwijnen van groen en verminderde sociale cohesie, of het werkende leven niet ontzettend saai is;Fysieke gezondheid, Mentale gezondheid, Sociale relaties, Werk & Vrijetijd, Milieu en klimaat, Diversiteit, inclusie & gelijkheid, Onderwijs, Financiële gezondheid, (Inter)nationale veiligheid;Een beetje;Oneens;Dat is waar.;Dat is niet waar.;Misschien;Ik kan invloed uitoefenen op beleid, Ik krijg een beloning (bijv. cadeaubon), Het kost weinig tijd, Ik wil dat jongeren meer betrokken worden bij de politiek;Eens;Eens;Eens;Neutraal;Oneens;;;;;;;Op school, Op de zang-, muziek- of toneelvereniging;Op school, Op de sportvereniging, Op de zang-, muziek- of toneelvereniging, Bij de jongerenwerkers;Maakt mij niet uit;Instagram, WhatsApp, E-mail
1-14-2026 12:54:41;Man;22;Stad;Atheïsme;Hbo;Student (mbo, hbo, wo);Politieke polarisatie;Mentale gezondheid, Sociale relaties, Wonen & leefomgeving, Politiek;Een beetje;Oneens;Dat is waar.;Dat is niet waar.;Ja;Het onderwerp is interessant, Ik kan invloed uitoefenen op beleid;Eens;Eens;Oneens;Oneens;Neutraal;;;;;;;Op school, Op werk, Op de sportvereniging;Op school, Op werk, Op de sportvereniging;Belangrijk, maar niet doorslaggevend;Instagram, YouTube
1-14-2026 13:07:50;Man;24;Stad;Atheïsme;Mbo;Student (mbo, hbo, wo);Opkomend facisme, mensenrechten etc.  ;Mensenrechten, Mentale gezondheid, Wonen & leefomgeving, Milieu en klimaat, Politiek, Diversiteit, inclusie & gelijkheid;Helemaal mee eens;Oneens;Dat is niet waar.;Dat is niet waar.;Misschien;Het onderwerp is interessant, Ik kan invloed uitoefenen op beleid, Ik krijg een beloning (bijv. cadeaubon), Ik wil mijn mening laten horen, Ik wil dat jongeren meer betrokken worden bij de politiek, Ik vind het leuk om mee te denken;Oneens;Neutraal;Neutraal;Eens;Neutraal;;;;;;;Op straat, Bij de jongerenwerkers, Uitnodigen op eigen locatie ;Op school, Op werk, Op straat, Op het station, Bij de jongerenwerkers;Belangrijk, maar niet doorslaggevend;Instagram, WhatsApp, E-mail
1-14-2026 15:33:29;Vrouw;18;Stad;Islam;Mbo;Student (mbo, hbo, wo);Discriminatie & woningnood;Mentale gezondheid, Sociale relaties, Werk & Vrijetijd, Wonen & leefomgeving, Openbaar vervoer, Sociale media, Milieu en klimaat, Diversiteit, inclusie & gelijkheid, Financiële gezondheid;Een beetje;Een beetje;Dat is niet waar.;Dat is waar.;Nee;;;;;;;Als ik er geld voor zou krijgen;Neutraal;Neutraal;Neutraal;Neutraal;Neutraal;Op school, Bij de jongerenwerkers;Bij de jongerenwerkers;Belangrijk, maar niet doorslaggevend;TikTok, Snapchat, WhatsApp
1-14-2026 15:49:01;Man;22;Dorp;Atheïsme;Mbo;Student (mbo, hbo, wo);Wonen, Milieu, Politiek, Toekomst;Mentale gezondheid, Wonen & leefomgeving, Milieu en klimaat, Politiek, Politiek & Veiligheid, Financiële gezondheid;Een beetje;Mee eens;Weet ik niet/wil ik niet zeggen.;Dat is niet waar.;Misschien;Ik kan invloed uitoefenen op beleid, Ik vind het leuk om mee te denken, Ik wil leren over hoe beleid werkt;Eens;Neutraal;Eens;Neutraal;Neutraal;;;;;;;Op school;Op school, Op het station;Belangrijk, maar niet doorslaggevend;Instagram, Snapchat, WhatsApp, Schoolplatform (Bijv. Magister)
1-14-2026 17:43:59;Vrouw;24;Stad;Islam;Hbo;Werkzaam;Inflatie;Politiek, Economie, werk & welvaart;Een beetje;Oneens;Dat is waar.;Dat is niet waar.;Misschien;Ik vind het leuk om mee te denken;Neutraal;Eens;Eens;Eens;Eens;;;;;;;Op school, Op werk, Bij de jongerenwerkers;Op school, Op werk, Op de sportvereniging, Op de zang-, muziek- of toneelvereniging, Op straat, Op het station, Bij de jongerenwerkers;Belangrijk, maar niet doorslaggevend;Instagram, TikTok
1-14-2026 18:29:12;Vrouw;18;Dorp;Christendom;Mbo;Student (mbo, hbo, wo);School ;Wonen & leefomgeving, Onderwijs;Een beetje;Een beetje;Dat is waar.;Dat is niet waar.;Nee;;;;;;;Als ik er geld voor zou krijgen;Oneens;Eens;Eens;Neutraal;Neutraal;Op school;Op school, Bij de jongerenwerkers;Belangrijk, maar niet doorslaggevend;Instagram, TikTok
1-14-2026 19:22:23;Vrouw;22;Stad;Agnost ;Hbo;Student (mbo, hbo, wo);LHBTIQ+ rechten, vrouwenrechten/equal pay ;Mensenrechten, Politiek, Economie, werk & welvaart, Politiek & Veiligheid, Diversiteit, inclusie & gelijkheid, Financiële gezondheid;Eens;Oneens;Dat is waar.;Dat is niet waar.;Misschien;Het onderwerp is interessant, Het kost weinig tijd;Eens;Oneens;Eens;Oneens;Neutraal;;;;;;;Op school, Op het station;Op school, Op het station;Heel belangrijk, anders doe ik niet mee;Instagram, Snapchat, WhatsApp, Schoolplatform (Bijv. Magister)
1-14-2026 22:27:39;Vrouw;19;Dorp;geen geloof waar ik evht op focus, wel veel normen en waarden uit het cristendom;Mbo;Student (mbo, hbo, wo);de toekomst, hoe alles eruit komt te zien (denk aan technologische ontwikkelingen, politiek, macht, sociale media klimaat etc. ) ;Mensenrechten, Mentale gezondheid, Sociale media, Milieu en klimaat, Politiek, Diversiteit, inclusie & gelijkheid, Verslaving en middelengebruik;Helemaal mee oneens;Mee eens;Dat is waar.;Dat is waar.;Misschien;Ik wil mijn mening laten horen, Ik wil dat jongeren meer betrokken worden bij de politiek, Ik vind het leuk om mee te denken;Eens;Eens;Eens;Eens;Neutraal;;;;;;;Op school;Op school;Belangrijk, maar niet doorslaggevend;Instagram, TikTok, WhatsApp, Schoolplatform (Bijv. Magister), E-mail
1-15-2026 21:07:59;Vrouw;17;Stad;Atheïsme;Hbo;Student (mbo, hbo, wo);het milieu, het politieke klimaat van de wereld op het moment, de genocide in Gaza, de schade die AI aan het veroorzaken is zowel op het klimaat als op onze intelligentie.;Mensenrechten, Mentale gezondheid, Sociale relaties, Wonen & leefomgeving, Sociale media, Milieu en klimaat, Politiek, Economie, werk & welvaart, Kunst & Cultuur, Politiek & Veiligheid, Diversiteit, inclusie & gelijkheid, Onderwijs;Helemaal mee eens;Een beetje;Dat is waar.;Dat is niet waar.;Ja;Het onderwerp is interessant, Ik kan invloed uitoefenen op beleid, Ik wil mijn mening laten horen, Ik wil dat jongeren meer betrokken worden bij de politiek, Ik vind het leuk om mee te denken, Ik wil leren over hoe beleid werkt;Neutraal;Eens;Oneens;Eens;Eens;;;;;;;Op school, Op straat, Op het station, Bij de jongerenwerkers;Op school, Op straat, Op het station, Bij de jongerenwerkers;Belangrijk, maar niet doorslaggevend;Instagram, TikTok, YouTube, E-mail
1-16-2026 11:45:01;Vrouw;17;Dorp;Niks;Kader;Student (mbo, hbo, wo);Studie;Onderwijs;Oneens;Oneens;Weet ik niet/wil ik niet zeggen.;Weet ik niet/wil ik niet zeggen.;Nee;;;;;;;Als ik dagen vrij kan krijgen, Als ik er geld voor zou krijgen;Oneens;Oneens;Oneens;Oneens;Oneens;Op school;Op school;Maakt mij niet uit;Snapchat, WhatsApp
1-16-2026 11:45:11;Vrouw;18;Stad;Islam;Mbo;Student (mbo, hbo, wo);Niks;Mentale gezondheid, Sociale relaties, Sociale media, Politiek & Veiligheid, Diversiteit, inclusie & gelijkheid, Verslaving en middelengebruik;Een beetje;Een beetje;Dat is waar.;Dat is niet waar.;Nee;;;;;;;Als ik er geld voor zou krijgen;Oneens;Oneens;Oneens;Oneens;Oneens;Op werk, Bij de jongerenwerkers;Op school;Maakt mij niet uit;TikTok, Snapchat
1-16-2026 11:45:18;Vrouw;18;Dorp;Christendom;Mbo;Student (mbo, hbo, wo);Werk;Mentale gezondheid, Werk & Vrijetijd, Wonen & leefomgeving, Economie, werk & welvaart, Financiële gezondheid;Een beetje;Een beetje;Dat is waar.;Dat is niet waar.;Nee;;;;;;;Wanneer mijn vrienden meedoen, Wanneer er een prijs aan verbonden zit, Als ik dagen vrij kan krijgen, Als ik er geld voor zou krijgen, Als ik weet dat mijn stem gedeelt word met de politiek;Neutraal;Eens;Eens;Eens;Eens;Op school;Op school, Op straat;Maakt mij niet uit;Snapchat
1-16-2026 11:45:36;Vrouw;21;Dorp;Geloof in me zelf;Mbo;Student (mbo, hbo, wo);Weet ik niet ;Mentale gezondheid, Werk & Vrijetijd, Wonen & leefomgeving, Politiek & Veiligheid, Verslaving en middelengebruik, Financiële gezondheid;Eens;Een beetje;Dat is waar.;Dat is niet waar.;Nee;;;;;;;Als ik er geld voor zou krijgen;Eens;Eens;Eens;Oneens;Oneens;Op school;Op school;Maakt mij niet uit;Instagram, WhatsApp
1-16-2026 11:46:33;Vrouw;17;Dorp;Niks ;Mbo;Student (mbo, hbo, wo);Studie ;Fysieke gezondheid, Mentale gezondheid, Financiële gezondheid;Een beetje;Oneens;Weet ik niet/wil ik niet zeggen.;Weet ik niet/wil ik niet zeggen.;Nee;;;;;;;Als ik er geld voor zou krijgen;Oneens;Neutraal;Neutraal;Neutraal;Oneens;Op school;Op school;Ik doe liever mee in een gesprek of bijeenkomst;Instagram
1-16-2026 11:47:05;Vrouw;18;Stad;Niks;Mbo;Scholier (vmbo, havo, vwo);"Woningen 
";Werk & Vrijetijd, Wonen & leefomgeving, Openbaar vervoer;Eens;Mee eens;Dat is waar.;Weet ik niet/wil ik niet zeggen.;Misschien;Ik wil mijn mening laten horen;Neutraal;Eens;Eens;Eens;Neutraal;;;;;;;Op school;Weet ik niet;Belangrijk, maar niet doorslaggevend;TikTok
1-16-2026 11:47:20;Vrouw;17;Dorp;Niks;Mbo;Student (mbo, hbo, wo);Niks;Fysieke gezondheid, Mentale gezondheid, Politiek;Een beetje;Een beetje;Dat is niet waar.;Dat is waar.;Nee;;;;;;;Als ik er geld voor zou krijgen;Neutraal;Neutraal;Neutraal;Neutraal;Neutraal;Op school, Op werk;Op school, Op werk;Maakt mij niet uit;Instagram, TikTok, Snapchat, WhatsApp
1-16-2026 11:47:31;Vrouw;18;Dorp;Niks ;Mbo;Student (mbo, hbo, wo);Meer woningen ;Fysieke gezondheid, Mentale gezondheid, Werk & Vrijetijd, Wonen & leefomgeving, Openbaar vervoer, Financiële gezondheid;Oneens;Oneens;Dat is waar.;Dat is waar.;Nee;;;;;;;Als ik er geld voor zou krijgen;Oneens;Oneens;Eens;Oneens;Neutraal;Op werk;Op school, Op straat;Maakt mij niet uit;Instagram, TikTok, Snapchat
1-16-2026 11:47:39;Vrouw;17;Dorp;Katholiek;Mbo;Student (mbo, hbo, wo);Toekomst > woning ;Fysieke gezondheid, Mentale gezondheid, Wonen & leefomgeving, Financiële gezondheid;Helemaal mee oneens;Helemaal mee eens;Weet ik niet/wil ik niet zeggen.;Weet ik niet/wil ik niet zeggen.;Nee;;;;;;;Als ik weet dat mijn stem gedeelt word met de politiek;Oneens;Oneens;Oneens;Eens;Oneens;Op school;Op werk;Maakt mij niet uit;Instagram, TikTok, Snapchat, WhatsApp
1-16-2026 11:47:52;Vrouw;17;Dorp;Katholiek ;Mbo;Student (mbo, hbo, wo);School, werk, geld ;Sociale relaties, Werk & Vrijetijd, Wonen & leefomgeving, Milieu en klimaat, Economie, werk & welvaart, Politiek & Veiligheid, Financiële gezondheid;Een beetje;Een beetje;Dat is waar.;Dat is niet waar.;Nee;;;;;;;Als ik er geld voor zou krijgen;Neutraal;Neutraal;Neutraal;Neutraal;Neutraal;Op school;Op school;Maakt mij niet uit;Instagram, TikTok, Snapchat
1-16-2026 11:47:58;Vrouw;16;Dorp;Christendom;Mbo;Student (mbo, hbo, wo);Huizing, kosten etc;Mensenrechten, Wonen & leefomgeving, Economie, werk & welvaart, Financiële gezondheid;Een beetje;Een beetje;Weet ik niet/wil ik niet zeggen.;Weet ik niet/wil ik niet zeggen.;Nee;;;;;;;Als ik er geld voor zou krijgen;Neutraal;Eens;Eens;Eens;Neutraal;Op school;Op school, Op werk, ;Belangrijk, maar niet doorslaggevend;Instagram, TikTok
1-16-2026 11:48:01;Vrouw;18;Dorp;Christendom;Mbo;Student (mbo, hbo, wo);Thuis;Mentale gezondheid, Werk & Vrijetijd, Onderwijs;Een beetje;Een beetje;Dat is waar.;Dat is waar.;Nee;;;;;;;Wanneer mijn vrienden meedoen, Wanneer er een prijs aan verbonden zit, Als ik dagen vrij kan krijgen, Als ik er geld voor zou krijgen;Neutraal;Oneens;Neutraal;Neutraal;Neutraal;Op school;Op school;Maakt mij niet uit;Instagram, TikTok, Snapchat
1-16-2026 11:48:01;Vrouw;17;Dorp;Niks;Mbo;Student (mbo, hbo, wo);Dat alles veel te duur wordt;Werk & Vrijetijd, Wonen & leefomgeving, Sociale media, Economie, werk & welvaart;Een beetje;Een beetje;Dat is waar.;Dat is waar.;Nee;;;;;;;Wanneer er een prijs aan verbonden zit, Als ik er geld voor zou krijgen;Oneens;Oneens;Oneens;Neutraal;Oneens;Op school;Op school;Maakt mij niet uit;TikTok
1-16-2026 11:48:47;Vrouw;18;Stad;Christendom;Mbo;Student (mbo, hbo, wo);Is het straks nog betaalbaar;Werk & Vrijetijd, Wonen & leefomgeving, Milieu en klimaat, Economie, werk & welvaart, Politiek & Veiligheid, Financiële gezondheid;Een beetje;Oneens;Weet ik niet/wil ik niet zeggen.;Dat is waar.;Ja;Het kost weinig tijd, Ik wil mijn mening laten horen;Eens;Neutraal;Eens;Oneens;Neutraal;;;;;;;Op school;Op school;Maakt mij niet uit;E-mail
1-16-2026 11:50:26;Vrouw;17;Dorp;Christendom;Mbo;Student (mbo, hbo, wo);De huizenmarkt;Werk & Vrijetijd, Wonen & leefomgeving, Sociale media, Onderwijs;Een beetje;Oneens;Weet ik niet/wil ik niet zeggen.;Weet ik niet/wil ik niet zeggen.;Nee;;;;;;;Wanneer mijn vrienden meedoen;Neutraal;Neutraal;Neutraal;Neutraal;Neutraal;Op school;Op school;Maakt mij niet uit;Instagram, TikTok, Snapchat, WhatsApp
1-16-2026 11:51:27;Vrouw;17;Dorp;Niks;Mbo;Evenveel school als werk;Niks;K had niks;Een beetje;Een beetje;Dat is niet waar.;Dat is niet waar.;Misschien;Het onderwerp is interessant;Neutraal;Neutraal;Eens;Eens;Neutraal;;;;;;;Nergens;Op school;Maakt mij niet uit;TikTok
1-16-2026 14:56:22;Man;18;Dorp;Atheïsme;Hbo;Student (mbo, hbo, wo);"De (wereld)politiek
Heropkomst van extreem-rechtse politieke overtuigingen en gemak van hoe complottheorieen omhoogkomen
Woningsnood (Kan ik later wel een huis kopen? Kan ik ooit op mezelf wonen?)
Klimaatverandering
Problemen in het onderwijs";Mensenrechten, Sociale relaties, Wonen & leefomgeving, Milieu en klimaat, Politiek, Politiek & Veiligheid, Diversiteit, inclusie & gelijkheid, Onderwijs, (Inter)nationale veiligheid;Eens;Helemaal mee oneens;Dat is waar.;Dat is niet waar.;Misschien;Het onderwerp is interessant, Ik kan invloed uitoefenen op beleid, Ik krijg een beloning (bijv. cadeaubon), Ik wil mijn mening laten horen, Ik wil dat jongeren meer betrokken worden bij de politiek, Ik vind het leuk om mee te denken;Eens;Eens;Eens;Neutraal;Neutraal;;;;;;;Op school, Op het station, Bij de jongerenwerkers;Op school, Op werk, Op de sportvereniging, Op de zang-, muziek- of toneelvereniging, Op straat, Op het station, Bij de jongerenwerkers;Belangrijk, maar niet doorslaggevend;Instagram, YouTube, E-mail
1-17-2026 19:24:12;Vrouw;25;Dorp;Atheïst ;Geen opleiding;Werkzaam;Woningnood & financiële situatie;Mentale gezondheid, Politiek & Veiligheid, Verslaving en middelengebruik;Een beetje;Oneens;Dat is niet waar.;Dat is niet waar.;Nee;;;;;;;Als ik dagen vrij kan krijgen;Oneens;Neutraal;Neutraal;Neutraal;Eens;Op straat;Op school, Op werk;Belangrijk, maar niet doorslaggevend;TikTok
1-20-2026 14:50:42;Vrouw;24;Stad;Christendom;Hbo;Student (mbo, hbo, wo);Mentale welzijn ;Werk & Vrijetijd, Wonen & leefomgeving, Economie, werk & welvaart, Verslaving en middelengebruik, Financiële gezondheid;Een beetje;Oneens;Weet ik niet/wil ik niet zeggen.;Weet ik niet/wil ik niet zeggen.;Nee;;;;;;;Wanneer mijn vrienden meedoen;Oneens;Eens;Eens;Neutraal;Eens;Op school, Op de sportvereniging, Bij de jongerenwerkers;Op school, Op straat, Bij de jongerenwerkers;Maakt mij niet uit;YouTube, E-mail
1-20-2026 15:06:18;Man;27;Stad;Atheïsme;Geen opleiding;Werkzoekend/werkloos;De militaire dreiging in de wereld;Fysieke gezondheid, Mentale gezondheid, Sociale relaties, Sociale media, Milieu en klimaat, Politiek, Kunst & Cultuur, Diversiteit, inclusie & gelijkheid, Verslaving en middelengebruik, Financiële gezondheid;Helemaal mee eens;Mee eens;Dat is waar.;Dat is waar.;Misschien;Ik kan invloed uitoefenen op beleid, Ik krijg een beloning (bijv. cadeaubon), Het kost weinig tijd, Ik wil mijn mening laten horen, Ik wil dat jongeren meer betrokken worden bij de politiek;Oneens;Eens;Neutraal;Oneens;Eens;;;;;;;Op werk, Op de sportvereniging, Op de zang-, muziek- of toneelvereniging, Op straat, Op het station, Bij de jongerenwerkers;geen idee;Belangrijk, maar niet doorslaggevend;Instagram, YouTube
1-20-2026 15:18:06;Vrouw;22;Stad;Christendom;Mbo;Student (mbo, hbo, wo);Woning ruimten;Sociale relaties, Werk & Vrijetijd, Wonen & leefomgeving, Financiële gezondheid;Een beetje;Oneens;Dat is niet waar.;Weet ik niet/wil ik niet zeggen.;Misschien;Het onderwerp is interessant, Ik wil leren over hoe beleid werkt;Eens;Eens;Neutraal;Neutraal;Eens;;;;;;;Op school, Op straat, Op het station;Op school, Op straat, Op het station;Belangrijk, maar niet doorslaggevend;Instagram, WhatsApp, E-mail
